Influencer,Hashtag,Followers,Timestamp,Likes,Comments,Shares
Influencer1,#Travel,10000,2023-01-01 10:00:00,500,100,50
Influencer2,#Fitness,15000,2023-01-02 11:30:00,800,150,75
Influencer3,#Food,20000,2023-01-03 12:45:00,1000,200,100
Influencer4,#Fashion,30000,2023-01-04 14:15:00,1200,250,125
Influencer5,#Tech,25000,2023-01-05 09:30:00,900,180,90
Influencer6,#Travel,11000,2023-01-06 10:45:00,550,110,55
Influencer7,#Fitness,16000,2023-01-07 12:00:00,850,170,85
Influencer8,#Food,21000,2023-01-08 13:30:00,1100,220,110
Influencer9,#Fashion,31000,2023-01-09 15:00:00,1300,270,135
Influencer10,#Tech,26000,2023-01-10 10:15:00,950,190,95
Influencer11,#Travel,12000,2023-01-11 11:30:00,600,120,60
Influencer12,#Fitness,17000,2023-01-12 12:45:00,900,180,90
Influencer13,#Food,22000,2023-01-13 14:00:00,1200,240,120
Influencer14,#Fashion,32000,2023-01-14 15:15:00,1400,280,140
Influencer15,#Tech,27000,2023-01-15 09:30:00,1000,200,100
Influencer16,#Travel,13000,2023-01-16 10:45:00,650,130,65
Influencer17,#Fitness,18000,2023-01-17 12:00:00,950,190,95
Influencer18,#Food,23000,2023-01-18 13:15:00,1300,260,130
Influencer19,#Fashion,33000,2023-01-19 14:30:00,1500,300,150
Influencer20,#Tech,28000,2023-01-20 15:45:00,1050,210,105
Influencer21,#Travel,14000,2023-01-21 10:00:00,700,140,70
Influencer22,#Fitness,19000,2023-01-22 11:15:00,1000,200,100
Influencer23,#Food,24000,2023-01-23 12:30:00,1400,280,140
Influencer24,#Fashion,34000,2023-01-24 13:45:00,1600,320,160
Influencer25,#Tech,29000,2023-01-25 15:00:00,1100,220,110
Influencer26,#Travel,15000,2023-01-26 09:30:00,750,150,75
Influencer27,#Fitness,20000,2023-01-27 10:45:00,1050,210,105
Influencer28,#Food,25000,2023-01-28 12:00:00,1500,300,150
Influencer29,#Fashion,35000,2023-01-29 13:15:00,1700,340,170
Influencer30,#Tech,30000,2023-01-30 14:30:00,1150,230,115
Influencer31,#Travel,16000,2023-01-31 15:45:00,800,160,80
Influencer32,#Fitness,21000,2023-02-01 10:00:00,1100,220,110
Influencer33,#Food,26000,2023-02-02 11:15:00,1600,320,160
Influencer34,#Fashion,36000,2023-02-03 12:30:00,1800,360,180
Influencer35,#Tech,31000,2023-02-04 13:45:00,1250,250,125
Influencer36,#Travel,17000,2023-02-05 15:00:00,850,170,85
Influencer37,#Fitness,22000,2023-02-06 09:30:00,1150,230,115
Influencer38,#Food,27000,2023-02-07 10:45:00,1700,340,170
Influencer39,#Fashion,37000,2023-02-08 12:00:00,1900,380,190
Influencer40,#Tech,32000,2023-02-09 13:15:00,1350,270,135
Influencer41,#Travel,18000,2023-02-10 14:30:00,900,180,90
Influencer42,#Fitness,23000,2023-02-11 15:45:00,1200,240,120
Influencer43,#Food,28000,2023-02-12 10:00:00,1700,340,170
Influencer44,#Fashion,38000,2023-02-13 11:15:00,2000,400,200
Influencer45,#Tech,33000,2023-02-14 12:30:00,1450,290,145
Influencer46,#Travel,19000,2023-02-15 13:45:00,950,190,95
Influencer47,#Fitness,24000,2023-02-16 15:00:00,1250,250,125
Influencer48,#Food,29000,2023-02-17 09:30:00,1750,350,175
Influencer49,#Fashion,39000,2023-02-18 10:45:00,2100,420,210
Influencer50,#Tech,34000,2023-02-19 12:00:00,1550,310,155